plot_id;uuid;action;section;row;plot_no;status;plot_type;direction;burials_capacity;cremation_capacity;entombment_capacity;headstone;headstone_image;note;highlight_story;sell_story;price;show_price;sync_with_osiris;astana_tegal_gundul_plaque_details;astana_tegal_gundul_plot_text_area_001;astana_tegal_gundul_plot_text_002;astana_tegal_gundul_temp_plot_id;astana_tegal_gundul_plot_text_003;astana_tegal_gundul_vault_status;astana_tegal_gundul_vault_charged_date;astana_tegal_gundul_exhumed
A A 1;;;A;A;1;3;1;1;1;1;1;Headstone description;https://storage.googleapis.com/stage-chronicle/storage/Astana_Tegal_Gundul/images/_a6559fc6-2ae3-4c8a-9b4d-f27044470642_cm7xJcD_lTPdIR1.jpg;Plot Note A A 1;;0;111;0;False;;;;;;;;
A A 2;;;A;A;2;3;2;2;2;2;2;;https://storage.googleapis.com/stage-chronicle/storage/Astana_Tegal_Gundul/images/_a6559fc6-2ae3-4c8a-9b4d-f27044470642_cm7xJcD_eqrbmPw.jpg;Plot Note A A 2;;0;222;0;False;;;;;;;;
A A 3;;;A;A;3;2;3;3;3;3;3;;https://storage.googleapis.com/stage-chronicle/storage/Astana_Tegal_Gundul/images/_a6559fc6-2ae3-4c8a-9b4d-f27044470642_cm7xJcD_gZyYlj2.jpg;Plot Note A A 3;;0;333;0;False;;;;;;;;
A A 4;;;A;A;4;2;4;4;4;4;4;;https://storage.googleapis.com/stage-chronicle/storage/Astana_Tegal_Gundul/images/_a6559fc6-2ae3-4c8a-9b4d-f27044470642_cm7xJcD_WDHaLcJ.jpg;Plot Note A A 4;;0;444;0;False;;;;;;;;
A B 1;;;A;B;1;3;5;5;5;5;5;headstone inscription plot A B 1;https://storage.googleapis.com/stage-chronicle/storage/Astana_Tegal_Gundul/images/_a6559fc6-2ae3-4c8a-9b4d-f27044470642_cm7xJcD_JRljM22.jpg;Plot Note A B 1;;0;111;0;False;;;;;;;;
A B 2;;;A;B;2;1;6;2;1;0;0;;https://storage.googleapis.com/stage-chronicle/storage/Astana_Tegal_Gundul/images/2024-06-12_15h01_03_SrnU2kz_yhPkmiG.png,https://storage.googleapis.com/stage-chronicle/storage/Astana_Tegal_Gundul/images/_a6559fc6-2ae3-4c8a-9b4d-f27044470642_cm7xJcD_JRljM22.jpg;Plot Note A B 2;;0;0;0;False;;;;;;;;
A B 3;;;A;B;3;1;7;1;2;0;0;;https://storage.googleapis.com/stage-chronicle/storage/Astana_Tegal_Gundul/images/2024-06-12_15h01_03_SrnU2kz_NGfMSFJ.png;Plot Note A B 3;;0;0;0;False;;;;;;;;
A B 4;;;A;B;4;1;1;2;1;0;0;;https://storage.googleapis.com/stage-chronicle/storage/Astana_Tegal_Gundul/images/2024-06-12_15h01_03_SrnU2kz_qRHPkH6.png;Plot Note A B 4;;0;0;0;False;;;;;;;;
A B 5;;;A;B;5;1;1;2;1;0;0;;https://storage.googleapis.com/stage-chronicle/storage/Astana_Tegal_Gundul/images/2024-06-12_15h01_03_SrnU2kz_Ddv8GQL.png;Plot Note A B 5;;0;0;0;False;;;;;;;;
A B 6;;;A;B;6;1;1;4;3;0;2;;https://storage.googleapis.com/stage-chronicle/storage/Astana_Tegal_Gundul/images/2024-06-12_15h01_03_SrnU2kz_2FXlLTa.png;Plot Note A B 6;;0;0;0;False;;;;;;;;
A B 7;;;A;B;7;1;1;2;1;0;0;;https://storage.googleapis.com/stage-chronicle/storage/Astana_Tegal_Gundul/images/2024-06-12_15h01_03_SrnU2kz_p5ol4V6.png;Plot Note A B 7;;0;0;0;False;;;;;;;;
A B 8;;;A;B;8;1;1;2;1;0;0;;https://storage.googleapis.com/stage-chronicle/storage/Astana_Tegal_Gundul/images/2024-06-12_15h01_03_SrnU2kz_7hFkJFr.png;Plot Note A B 8;;0;0;0;False;;;;;;;;
A B 9;;;A;B;9;1;1;2;1;0;0;;https://storage.googleapis.com/stage-chronicle/storage/Astana_Tegal_Gundul/images/2024-06-12_15h01_03_SrnU2kz_lSbRk1h.png;Plot Note A B 9;;0;0;0;False;;;;;;;;
A B 10;;;A;B;10;1;1;2;1;1;0;;https://storage.googleapis.com/stage-chronicle/storage/Astana_Tegal_Gundul/images/2024-06-12_15h01_03_SrnU2kz_pF1Iixa.png;Plot Note A B 10;;0;0;0;False;;;;;;;;
A B 11;;;A;B;11;1;1;2;1;0;0;;https://storage.googleapis.com/stage-chronicle/storage/Astana_Tegal_Gundul/images/2024-06-12_15h01_03_SrnU2kz_Mv4vtbk.png;Plot Note A B 11;;0;0;0;False;;;;;;;;
A B 12;;;A;B;12;1;1;2;1;0;0;;https://storage.googleapis.com/stage-chronicle/storage/Astana_Tegal_Gundul/images/2024-06-12_15h01_03_SrnU2kz_Q6UUdxq.png;Plot Note A B 12;;0;0;0;False;;;;;;;;
A B 13;;;A;B;13;1;1;2;1;0;0;;https://storage.googleapis.com/stage-chronicle/storage/Astana_Tegal_Gundul/images/2024-06-12_15h01_03_SrnU2kz_ESg9vCE.png;Plot Note A B 13;;0;0;0;False;;;;;;;;
A C 1;;;A;C;1;1;1;2;1;0;0;;https://storage.googleapis.com/stage-chronicle/storage/Astana_Tegal_Gundul/images/2024-06-12_15h01_03_SrnU2kz_TH2o9fX.png;Plot Note A C 1;;0;0;0;False;;;;;;;;
A C 2;;;A;C;2;1;1;2;1;0;0;Reserved for John;https://storage.googleapis.com/stage-chronicle/storage/Astana_Tegal_Gundul/images/2024-06-12_15h01_03_SrnU2kz_uauGvN0.png;Plot Note A C 2;;0;0;0;False;;;;;;;;
A C 3;;;A;C;3;1;1;2;1;0;0;;https://storage.googleapis.com/stage-chronicle/storage/Astana_Tegal_Gundul/images/2024-06-12_15h01_03_SrnU2kz_yJoGqGA.png;Plot Note A C 3;;0;0;0;False;;;;;;;;
A C 4;;;A;C;4;1;1;2;1;0;0;;https://storage.googleapis.com/stage-chronicle/storage/Astana_Tegal_Gundul/images/2024-06-12_15h01_03_SrnU2kz_XzaOb6d.png;Plot Note A C 4;;0;0;0;False;;;;;;;;
A C 5;;;A;C;5;1;1;2;1;0;0;;https://storage.googleapis.com/stage-chronicle/storage/Astana_Tegal_Gundul/images/2024-06-12_15h01_03_SrnU2kz_QlIiMAl.png;Plot Note A C 5;;0;0;0;False;;;;;;;;
A C 6;;;A;C;6;1;1;2;1;0;0;;https://storage.googleapis.com/stage-chronicle/storage/Astana_Tegal_Gundul/images/2024-06-12_15h01_03_SrnU2kz_HzuXbZr.png;Plot Note A C 6;;0;0;0;False;;;;;;;;
A C 7;;;A;C;7;1;1;2;1;0;0;;https://storage.googleapis.com/stage-chronicle/storage/Astana_Tegal_Gundul/images/2024-06-12_15h01_03_SrnU2kz_IpcUPiD.png;Plot Note A C 7;;0;0;0;False;;;;;;;;
A C 8;;;A;C;8;1;1;2;1;0;0;;https://storage.googleapis.com/stage-chronicle/storage/Astana_Tegal_Gundul/images/2024-06-12_15h01_03_SrnU2kz_RrxhOET.png;Plot Note A C 8;;0;0;0;False;;;;;;;;
A C 9;;;A;C;9;1;1;2;1;0;0;;https://storage.googleapis.com/stage-chronicle/storage/Astana_Tegal_Gundul/images/2024-06-12_15h01_03_SrnU2kz_adJFedi.png;Plot Note A C 9;;0;0;0;False;;;;;;;;
A C 10;;;A;C;10;1;1;2;1;0;0;;https://storage.googleapis.com/stage-chronicle/storage/Astana_Tegal_Gundul/images/2024-06-12_15h01_03_SrnU2kz_b9nxGA6.png;Plot Note A C 10;;0;0;0;False;;;;;;;;
A C 11;;;A;C;11;1;1;2;1;0;0;;https://storage.googleapis.com/stage-chronicle/storage/Astana_Tegal_Gundul/images/2024-06-12_15h01_03_SrnU2kz_LsyxGpL.png;Plot Note A C 11;;0;0;0;False;;;;;;;;
A C 12;;;A;C;12;1;1;2;1;0;0;;https://storage.googleapis.com/stage-chronicle/storage/Astana_Tegal_Gundul/images/2024-06-12_15h01_03_SrnU2kz_PcJ6ibl.png;Plot Note A C 12;;0;0;0;False;;;;;;;;
A C 13;;;A;C;13;1;1;2;1;0;0;;https://storage.googleapis.com/stage-chronicle/storage/Astana_Tegal_Gundul/images/2024-06-12_15h01_03_SrnU2kz_IFGgSIB.png;Plot Note A C 13;;0;0;0;False;;;;;;;;
A C 14;;;A;C;14;1;1;2;1;0;0;;https://storage.googleapis.com/stage-chronicle/storage/Astana_Tegal_Gundul/images/2024-06-12_15h01_03_SrnU2kz_rjLQ4Rr.png;Plot Note A C 14;;0;0;0;False;;;;;;;;
A C 15;;;A;C;15;1;1;2;1;0;0;;https://storage.googleapis.com/stage-chronicle/storage/Astana_Tegal_Gundul/images/2024-06-12_15h01_03_SrnU2kz_0KN6qF8.png;Plot Note A C 15;;0;0;0;False;;;;;;;;
A D 1;;;A;D;1;1;1;2;1;0;0;;https://storage.googleapis.com/stage-chronicle/storage/Astana_Tegal_Gundul/images/2024-06-12_15h01_03_SrnU2kz_2IGbBsW.png;Plot Note A D 1;;0;0;0;False;;;;;;;;
A D 2;;;A;D;2;1;1;2;1;0;0;;https://storage.googleapis.com/stage-chronicle/storage/Astana_Tegal_Gundul/images/2024-06-12_15h01_03_SrnU2kz_NWKa0vh.png;Plot Note A D 2;;0;0;0;False;;;;;;;;
A D 3;;;A;D;3;1;1;2;1;0;0;;https://storage.googleapis.com/stage-chronicle/storage/Astana_Tegal_Gundul/images/2024-06-12_15h01_03_SrnU2kz_MtIag6B.png;Plot Note A D 3;;0;0;0;False;;;;;;;;
A D 4;;;A;D;4;1;1;2;1;0;0;;https://storage.googleapis.com/stage-chronicle/storage/Astana_Tegal_Gundul/images/2024-06-12_15h01_03_SrnU2kz_WRes4d3.png;Plot Note A D 4;;0;0;0;False;;;;;;;;
A D 5;;;A;D;5;1;1;2;1;0;0;;https://storage.googleapis.com/stage-chronicle/storage/Astana_Tegal_Gundul/images/2024-06-12_15h01_03_SrnU2kz_OXwOXK2.png;Plot Note A D 5;;0;0;0;False;;;;;;;;
A D 6;;;A;D;6;1;1;2;2;0;0;;https://storage.googleapis.com/stage-chronicle/storage/Astana_Tegal_Gundul/images/2024-06-12_15h01_03_SrnU2kz_MdrH5f2.png;Plot Note A D 6;;0;0;0;False;;;;;;;;
A D 7;;;A;D;7;1;1;2;2;0;0;;https://storage.googleapis.com/stage-chronicle/storage/Astana_Tegal_Gundul/images/2024-06-12_15h01_03_SrnU2kz_xJZtbWb.png;Plot Note A D 7;;0;0;0;False;;;;;;;;
A D 8;;;A;D;8;1;1;2;1;0;0;;https://storage.googleapis.com/stage-chronicle/storage/Astana_Tegal_Gundul/images/2024-06-12_15h01_03_SrnU2kz_NEKc53b.png;Plot Note A D 8;;0;0;0;False;;;;;;;;
A D 9;;;A;D;9;1;1;2;1;0;0;;https://storage.googleapis.com/stage-chronicle/storage/Astana_Tegal_Gundul/images/2024-06-12_15h01_03_SrnU2kz_oESnaCG.png;Plot Note A D 9;;0;0;0;False;;;;;;;;
A D 10;;;A;D;10;1;1;2;1;0;0;;https://storage.googleapis.com/stage-chronicle/storage/Astana_Tegal_Gundul/images/2024-06-12_15h01_03_SrnU2kz_sEMWzvY.png;Plot Note A D 10;;0;0;0;False;;;;;;;;
A D 11;;;A;D;11;1;1;2;1;0;0;;https://storage.googleapis.com/stage-chronicle/storage/Astana_Tegal_Gundul/images/2024-06-12_15h01_03_SrnU2kz_xC2WyT8.png;Plot Note A D 11;;0;0;0;False;;;;;;;;
A D 12;;;A;D;12;1;1;2;1;0;0;;https://storage.googleapis.com/stage-chronicle/storage/Astana_Tegal_Gundul/images/2024-06-12_15h01_03_SrnU2kz_gzprK8G.png;Plot Note A D 12;;0;0;0;False;;;;;;;;
A D 13;;;A;D;13;1;1;2;1;0;0;;https://storage.googleapis.com/stage-chronicle/storage/Astana_Tegal_Gundul/images/2024-06-12_15h01_03_SrnU2kz_s4xhLYK.png;Plot Note A D 13;;0;0;0;False;;;;;;;;
A D 14;;;A;D;14;1;1;2;1;0;0;;https://storage.googleapis.com/stage-chronicle/storage/Astana_Tegal_Gundul/images/2024-06-12_15h01_03_SrnU2kz_6lZTi3S.png;Plot Note A D 14;;0;0;0;False;;;;;;;;
A D 15;;;A;D;15;1;1;2;1;0;0;;https://storage.googleapis.com/stage-chronicle/storage/Astana_Tegal_Gundul/images/2024-06-12_15h01_03_SrnU2kz_dHbDUnK.png;Plot Note A D 15;;0;0;0;False;;;;;;;;
A E 1;;;A;E;1;1;1;2;1;0;0;;https://storage.googleapis.com/stage-chronicle/storage/Astana_Tegal_Gundul/images/2024-06-12_15h01_03_SrnU2kz_oq7iefr.png;Plot Note A E 1;;0;0;0;False;;;;;;;;
A E 2;;;A;E;2;1;1;2;1;0;0;;https://storage.googleapis.com/stage-chronicle/storage/Astana_Tegal_Gundul/images/2024-06-12_15h01_03_SrnU2kz_E2u6qMR.png;Plot Note A E 2;;0;0;0;False;;;;;;;;
A E 3;;;A;E;3;1;1;2;1;0;0;;https://storage.googleapis.com/stage-chronicle/storage/Astana_Tegal_Gundul/images/2024-06-12_15h01_03_SrnU2kz_JVbOcdj.png;Plot Note A E 3;;0;0;0;False;;;;;;;;
A E 4;;;A;E;4;1;1;2;1;0;0;;https://storage.googleapis.com/stage-chronicle/storage/Astana_Tegal_Gundul/images/2024-06-12_15h01_03_SrnU2kz_AGZ6Zty.png;Plot Note A E 4;;0;0;0;False;;;;;;;;
A E 5;;;A;E;5;1;1;2;1;0;0;;https://storage.googleapis.com/stage-chronicle/storage/Astana_Tegal_Gundul/images/2024-06-12_15h01_03_SrnU2kz_MsOFurC.png;Plot Note A E 5;;0;0;0;False;;;;;;;;
A E 6;;;A;E;6;1;1;2;1;0;0;;https://storage.googleapis.com/stage-chronicle/storage/Astana_Tegal_Gundul/images/2024-06-12_15h01_03_SrnU2kz_cBa8vVg.png;Plot Note A E 6;;0;0;0;False;;;;;;;;
A E 7;;;A;E;7;1;1;2;1;0;0;;https://storage.googleapis.com/stage-chronicle/storage/Astana_Tegal_Gundul/images/2024-06-12_15h01_03_SrnU2kz_Sdsmt46.png;Plot Note A E 7;;0;0;0;False;;;;;;;;
A E 8;;;A;E;8;1;1;2;1;0;0;;https://storage.googleapis.com/stage-chronicle/storage/Astana_Tegal_Gundul/images/2024-06-12_15h01_03_SrnU2kz_qstNWRt.png;Plot Note A E 8;;0;0;0;False;;;;;;;;
A E 9;;;A;E;9;1;1;2;1;0;0;;https://storage.googleapis.com/stage-chronicle/storage/Astana_Tegal_Gundul/images/2024-06-12_15h01_03_SrnU2kz_0tPJOvX.png;Plot Note A E 9;;0;0;0;False;;;;;;;;
A E 10;;;A;E;10;1;1;2;1;0;0;;https://storage.googleapis.com/stage-chronicle/storage/Astana_Tegal_Gundul/images/2024-06-12_15h01_03_SrnU2kz_2KhDNBc.png;Plot Note A E 10;;0;0;0;False;;;;;;;;
A E 11;;;A;E;11;1;1;2;1;0;0;;https://storage.googleapis.com/stage-chronicle/storage/Astana_Tegal_Gundul/images/2024-06-12_15h01_03_SrnU2kz_zgF2vKg.png;Plot Note A E 11;;0;0;0;False;;;;;;;;
A E 12;;;A;E;12;1;1;2;1;0;0;;https://storage.googleapis.com/stage-chronicle/storage/Astana_Tegal_Gundul/images/2024-06-12_15h01_03_SrnU2kz_CBO56si.png;Plot Note A E 12;;0;0;0;False;;;;;;;;
A E 13;;;A;E;13;1;1;2;1;0;0;;https://storage.googleapis.com/stage-chronicle/storage/Astana_Tegal_Gundul/images/2024-06-12_15h01_03_SrnU2kz_3Pxutxn.png;Plot Note A E 13;;0;0;0;False;;;;;;;;
A E 14;;;A;E;14;1;1;2;1;0;0;;https://storage.googleapis.com/stage-chronicle/storage/Astana_Tegal_Gundul/images/2024-06-12_15h01_03_SrnU2kz_MG6nVCB.png;Plot Note A E 14;;0;0;0;False;;;;;;;;
A E 15;;;A;E;15;1;1;2;1;0;0;;https://storage.googleapis.com/stage-chronicle/storage/Astana_Tegal_Gundul/images/2024-06-12_15h01_03_SrnU2kz_2FQwj8Q.png;Plot Note A E 15;;0;0;0;False;;;;;;;;
A E 16;;;A;E;16;1;1;2;1;0;0;;https://storage.googleapis.com/stage-chronicle/storage/Astana_Tegal_Gundul/images/2024-06-12_15h01_03_SrnU2kz_XdIke7I.png;Plot Note A E 16;;0;0;0;False;;;;;;;;
A E 17;;;A;E;17;1;1;2;1;0;0;;https://storage.googleapis.com/stage-chronicle/storage/Astana_Tegal_Gundul/images/2024-06-12_15h01_03_SrnU2kz_L4CEbSh.png;Plot Note A E 17;;0;0;0;False;;;;;;;;
A F 1;;;A;F;1;1;1;2;1;0;0;;https://storage.googleapis.com/stage-chronicle/storage/Astana_Tegal_Gundul/images/2024-06-12_15h01_03_SrnU2kz_1UZymMi.png;Plot Note A F 1;;0;0;0;False;;;;;;;;
A F 2;;;A;F;2;1;1;2;1;0;0;;https://storage.googleapis.com/stage-chronicle/storage/Astana_Tegal_Gundul/images/2024-06-12_15h01_03_SrnU2kz_iUBcYTi.png;Plot Note A F 2;;0;0;0;False;;;;;;;;
A F 3;;;A;F;3;1;1;2;1;0;0;;https://storage.googleapis.com/stage-chronicle/storage/Astana_Tegal_Gundul/images/2024-06-12_15h01_03_SrnU2kz_6rnyIsS.png;Plot Note A F 3;;0;0;0;False;;;;;;;;
A F 4;;;A;F;4;1;1;2;1;0;0;;https://storage.googleapis.com/stage-chronicle/storage/Astana_Tegal_Gundul/images/2024-06-12_15h01_03_SrnU2kz_ZZKHkw4.png;Plot Note A F 4;;0;0;0;False;;;;;;;;
A F 5;;;A;F;5;1;1;2;1;0;0;;https://storage.googleapis.com/stage-chronicle/storage/Astana_Tegal_Gundul/images/2024-06-12_15h01_03_SrnU2kz_mJFe18f.png;Plot Note A F 5;;0;0;0;False;;;;;;;;
A F 6;;;A;F;6;1;1;2;1;0;0;;https://storage.googleapis.com/stage-chronicle/storage/Astana_Tegal_Gundul/images/2024-06-12_15h01_03_SrnU2kz_LpQSrmt.png;Plot Note A F 6;;0;0;0;False;;;;;;;;
A F 7;;;A;F;7;1;1;2;1;0;0;;https://storage.googleapis.com/stage-chronicle/storage/Astana_Tegal_Gundul/images/2024-06-12_15h01_03_SrnU2kz_hMRiHjo.png;Plot Note A F 7;;0;0;0;False;;;;;;;;
A F 8;;;A;F;8;1;1;2;1;0;0;;https://storage.googleapis.com/stage-chronicle/storage/Astana_Tegal_Gundul/images/2024-06-12_15h01_03_SrnU2kz_jbTRXDM.png;Plot Note A F 8;;0;0;0;False;;;;;;;;
A F 9;;;A;F;9;1;1;2;1;0;0;;https://storage.googleapis.com/stage-chronicle/storage/Astana_Tegal_Gundul/images/2024-06-12_15h01_03_SrnU2kz_8J8odVq.png;Plot Note A F 9;;0;0;0;False;;;;;;;;
A F 10;;;A;F;10;1;1;2;1;0;0;;https://storage.googleapis.com/stage-chronicle/storage/Astana_Tegal_Gundul/images/2024-06-12_15h01_03_SrnU2kz_sczMJOj.png;Plot Note A F 10;;0;0;0;False;;;;;;;;
A F 11;;;A;F;11;1;1;2;1;0;0;;https://storage.googleapis.com/stage-chronicle/storage/Astana_Tegal_Gundul/images/2024-06-12_15h01_03_SrnU2kz_bdm1RL4.png;Plot Note A F 11;;0;0;0;False;;;;;;;;
A F 12;;;A;F;12;1;1;2;1;0;0;;https://storage.googleapis.com/stage-chronicle/storage/Astana_Tegal_Gundul/images/2024-06-12_15h01_03_SrnU2kz_lQjGwgG.png;Plot Note A F 12;;0;0;0;False;;;;;;;;
A F 13;;;A;F;13;1;1;2;1;0;0;;https://storage.googleapis.com/stage-chronicle/storage/Astana_Tegal_Gundul/images/2024-06-12_15h01_03_SrnU2kz_l1Si9Bc.png;Plot Note A F 13;;0;0;0;False;;;;;;;;
A F 14;;;A;F;14;1;1;2;1;0;0;;https://storage.googleapis.com/stage-chronicle/storage/Astana_Tegal_Gundul/images/2024-06-12_15h01_03_SrnU2kz_cjgEiml.png;Plot Note A F 14;;0;0;0;False;;;;;;;;
A F 15;;;A;F;15;1;1;2;1;0;0;;https://storage.googleapis.com/stage-chronicle/storage/Astana_Tegal_Gundul/images/2024-06-12_15h01_03_SrnU2kz_TLMvrRa.png;Plot Note A F 15;;0;0;0;False;;;;;;;;
A F 16;;;A;F;16;1;1;2;1;0;0;;https://storage.googleapis.com/stage-chronicle/storage/Astana_Tegal_Gundul/images/2024-06-12_15h01_03_SrnU2kz_pQ3jwqw.png;Plot Note A F 16;;0;0;0;False;;;;;;;;
A G 1;;;A;G;1;1;1;2;1;0;0;;https://storage.googleapis.com/stage-chronicle/storage/Astana_Tegal_Gundul/images/2024-06-12_15h01_03_SrnU2kz_yXGmCiV.png;Plot Note A G 1;;0;0;0;False;;;;;;;;
A G 2;;;A;G;2;1;1;2;1;0;0;;https://storage.googleapis.com/stage-chronicle/storage/Astana_Tegal_Gundul/images/2024-06-12_15h01_03_SrnU2kz_VD4OQXy.png;Plot Note A G 2;;0;0;0;False;;;;;;;;
A G 3;;;A;G;3;1;1;2;1;0;0;;https://storage.googleapis.com/stage-chronicle/storage/Astana_Tegal_Gundul/images/2024-06-12_15h01_03_SrnU2kz_YABD2NY.png;Plot Note A G 3;;0;0;0;False;;;;;;;;
A G 4;;;A;G;4;1;1;2;1;0;0;;https://storage.googleapis.com/stage-chronicle/storage/Astana_Tegal_Gundul/images/2024-06-12_15h01_03_SrnU2kz_PCXZlJP.png;Plot Note A G 4;;0;0;0;False;;;;;;;;
A G 5;;;A;G;5;1;1;2;1;0;0;;https://storage.googleapis.com/stage-chronicle/storage/Astana_Tegal_Gundul/images/2024-06-12_15h01_03_SrnU2kz_A1kkSd2.png;Plot Note A G 5;;0;0;0;False;;;;;;;;
A G 6;;;A;G;6;1;1;2;1;0;0;;https://storage.googleapis.com/stage-chronicle/storage/Astana_Tegal_Gundul/images/2024-06-12_15h01_03_SrnU2kz_0IisP6m.png;Plot Note A G 6;;0;0;0;False;;;;;;;;
A G 7;;;A;G;7;1;1;2;1;0;0;;https://storage.googleapis.com/stage-chronicle/storage/Astana_Tegal_Gundul/images/2024-06-12_15h01_03_SrnU2kz_4QO232I.png;Plot Note A G 7;;0;0;0;False;;;;;;;;
A G 8;;;A;G;8;1;1;2;1;0;0;;https://storage.googleapis.com/stage-chronicle/storage/Astana_Tegal_Gundul/images/2024-06-12_15h01_03_SrnU2kz_lSnrvX8.png;Plot Note A G 8;;0;0;0;False;;;;;;;;
A G 9;;;A;G;9;1;1;2;1;0;0;;https://storage.googleapis.com/stage-chronicle/storage/Astana_Tegal_Gundul/images/2024-06-12_15h01_03_SrnU2kz_Fw48eTJ.png;Plot Note A G 9;;0;0;0;False;;;;;;;;
A G 10;;;A;G;10;1;1;2;1;0;0;;https://storage.googleapis.com/stage-chronicle/storage/Astana_Tegal_Gundul/images/2024-06-12_15h01_03_SrnU2kz_dpC954T.png;Plot Note A G 10;;0;0;0;False;;;;;;;;
A G 11;;;A;G;11;1;1;2;1;0;0;;https://storage.googleapis.com/stage-chronicle/storage/Astana_Tegal_Gundul/images/2024-06-12_15h01_03_SrnU2kz_OelhnGq.png;Plot Note A G 11;;0;0;0;False;;;;;;;;
A G 12;;;A;G;12;1;1;2;1;0;0;;https://storage.googleapis.com/stage-chronicle/storage/Astana_Tegal_Gundul/images/2024-06-12_15h01_03_SrnU2kz_h9wczsx.png;Plot Note A G 12;;0;0;0;False;;;;;;;;
A G 13;;;A;G;13;1;1;2;1;0;0;;https://storage.googleapis.com/stage-chronicle/storage/Astana_Tegal_Gundul/images/2024-06-12_15h01_03_SrnU2kz_1GprjeW.png;Plot Note A G 13;;0;0;0;False;;;;;;;;
A G 14;;;A;G;14;1;1;2;1;0;0;;https://storage.googleapis.com/stage-chronicle/storage/Astana_Tegal_Gundul/images/2024-06-12_15h01_03_SrnU2kz_M3PUT0W.png;Plot Note A G 14;;0;0;0;False;;;;;;;;
B A 1;;;B;A;1;6;1;2;1;0;0;;https://storage.googleapis.com/stage-chronicle/storage/Astana_Tegal_Gundul/images/2024-06-12_15h01_03_SrnU2kz_oQ0fP4E.png;Plot Note B A 1;;0;100;0;False;;;;;;;;
B A 2;;;B;A;2;6;1;2;1;0;0;;https://storage.googleapis.com/stage-chronicle/storage/Astana_Tegal_Gundul/images/2024-06-12_15h01_03_SrnU2kz_rK64A4p.png;Plot Note B A 2;;0;200;0;False;;;;;;;;
B A 3;;;B;A;3;6;1;2;1;0;0;;https://storage.googleapis.com/stage-chronicle/storage/Astana_Tegal_Gundul/images/2024-06-12_15h01_03_SrnU2kz_8ztgWfP.png;Plot Note B A 3;;0;300;0;False;;;;;;;;
B A 4;;;B;A;4;6;1;2;1;0;0;;https://storage.googleapis.com/stage-chronicle/storage/Astana_Tegal_Gundul/images/2024-06-12_15h01_03_SrnU2kz_fWqduVP.png;Plot Note B A 4;;0;400;0;False;;;;;;;;
B A 5;;;B;A;5;6;1;2;10;0;0;lorem;https://storage.googleapis.com/stage-chronicle/storage/Astana_Tegal_Gundul/images/2024-06-12_15h01_03_SrnU2kz_ROunIjE.png;Plot Note B A 5;;0;500;0;False;;;;;;;;
B A 6;;;B;A;6;6;1;2;1;0;0;;https://storage.googleapis.com/stage-chronicle/storage/Astana_Tegal_Gundul/images/2024-06-12_15h01_03_SrnU2kz_9jS2gKR.png;Plot Note B A 6;;0;600;0;False;;;;;;;;
B A 7;;;B;A;7;6;1;2;1;0;0;;https://storage.googleapis.com/stage-chronicle/storage/Astana_Tegal_Gundul/images/2024-06-12_15h01_03_SrnU2kz_NYxWkUa.png;Plot Note B A 7;;0;700;0;False;;;;;;;;
B A 8;;;B;A;8;6;1;2;1;0;0;;https://storage.googleapis.com/stage-chronicle/storage/Astana_Tegal_Gundul/images/2024-06-12_15h01_03_SrnU2kz_gIEgNyj.png;Plot Note B A 8;;0;800;0;False;;;;;;;;
B A 9;;;B;A;9;6;1;2;12;0;0;;https://storage.googleapis.com/stage-chronicle/storage/Astana_Tegal_Gundul/images/2024-06-12_15h01_03_SrnU2kz_hDH4X4t.png;Plot Note B A 9;;0;900;0;False;;;;;;;;
B A 10;;;B;A;10;6;1;2;1;0;0;;https://storage.googleapis.com/stage-chronicle/storage/Astana_Tegal_Gundul/images/2024-06-12_15h01_03_SrnU2kz_bdTqHZB.png;Plot Note B A 10;;0;1000;0;False;;;;;;;;
B A 11;;;B;A;11;6;1;2;20;0;0;;https://storage.googleapis.com/stage-chronicle/storage/Astana_Tegal_Gundul/images/2024-06-12_15h01_03_SrnU2kz_Z6TLM4X.png;Plot Note B A 11;;0;1100;0;False;;;;;;;;
B A 12;;;B;A;12;6;1;2;5;0;0;;https://storage.googleapis.com/stage-chronicle/storage/Astana_Tegal_Gundul/images/2024-06-12_15h01_03_SrnU2kz_VyXEwgn.png;Plot Note B A 12;;0;1200;0;False;;;;;;;;
B A 13;;;B;A;13;6;1;2;1;0;0;;https://storage.googleapis.com/stage-chronicle/storage/Astana_Tegal_Gundul/images/2024-06-12_15h01_03_SrnU2kz_AWDA2Sx.png;Plot Note B A 13;;0;1300;0;False;;;;;;;;
B B 1;;;B;B;1;1;1;2;1;0;0;select * from cemeteries_cemetery;https://storage.googleapis.com/stage-chronicle/storage/Astana_Tegal_Gundul/images/2024-06-12_15h01_03_SrnU2kz_HX1OPeB.png;Plot Note B B 1;;0;0;0;False;;;;;;;;
B B 2;;;B;B;2;1;1;2;2;0;0;;https://storage.googleapis.com/stage-chronicle/storage/Astana_Tegal_Gundul/images/2024-06-12_15h01_03_SrnU2kz_nbbHHA5.png;Plot Note B B 2;;0;0;0;False;;;;;;;;
B B 3;;;B;B;3;1;1;2;1;0;0;;https://storage.googleapis.com/stage-chronicle/storage/Astana_Tegal_Gundul/images/2024-06-12_15h01_03_SrnU2kz_bPh0FDq.png;Plot Note B B 3;;0;0;0;False;;;;;;;;
B B 4;;;B;B;4;1;1;2;1;0;0;;https://storage.googleapis.com/stage-chronicle/storage/Astana_Tegal_Gundul/images/2024-06-12_15h01_03_SrnU2kz_4ACz4rA.png;Plot Note B B 4;;0;0;0;False;;;;;;;;
B B 5;;;B;B;5;1;1;2;1;0;0;;https://storage.googleapis.com/stage-chronicle/storage/Astana_Tegal_Gundul/images/2024-06-12_15h01_03_SrnU2kz_MV7WrwS.png;Plot Note B B 5;;0;0;0;False;;;;;;;;
B B 6;;;B;B;6;1;1;2;1;0;0;;https://storage.googleapis.com/stage-chronicle/storage/Astana_Tegal_Gundul/images/2024-06-12_15h01_03_SrnU2kz_vO8zGpd.png;Plot Note B B 6;;0;0;0;False;;;;;;;;
B B 7;;;B;B;7;1;1;2;1;0;0;;https://storage.googleapis.com/stage-chronicle/storage/Astana_Tegal_Gundul/images/2024-06-12_15h01_03_SrnU2kz_Nju4FIE.png;Plot Note B B 7;;0;0;0;False;;;;;;;;
B B 8;;;B;B;8;1;1;2;1;0;0;;https://storage.googleapis.com/stage-chronicle/storage/Astana_Tegal_Gundul/images/2024-06-12_15h01_03_SrnU2kz_1p1uHrT.png;Plot Note B B 8;;0;0;0;False;;;;;;;;
B B 9;;;B;B;9;1;1;2;1;0;0;;https://storage.googleapis.com/stage-chronicle/storage/Astana_Tegal_Gundul/images/2024-06-12_15h01_03_SrnU2kz_lx4f5TG.png;Plot Note B B 9;;0;0;0;False;;;;;;;;
B B 10;;;B;B;10;1;1;2;1;0;0;;https://storage.googleapis.com/stage-chronicle/storage/Astana_Tegal_Gundul/images/2024-06-12_15h01_03_SrnU2kz_Cg0wEEz.png;Plot Note B B 10;;0;0;0;False;;;;;;;;
B B 11;;;B;B;11;1;1;2;1;0;0;;https://storage.googleapis.com/stage-chronicle/storage/Astana_Tegal_Gundul/images/2024-06-12_15h01_03_SrnU2kz_kjm2S86.png;Plot Note B B 11;;0;0;0;False;;;;;;;;
B B 12;;;B;B;12;1;1;2;1;0;0;;https://storage.googleapis.com/stage-chronicle/storage/Astana_Tegal_Gundul/images/2024-06-12_15h01_03_SrnU2kz_9i48SY3.png;Plot Note B B 12;;0;0;0;False;;;;;;;;
B B 13;;;B;B;13;1;1;2;1;0;0;;https://storage.googleapis.com/stage-chronicle/storage/Astana_Tegal_Gundul/images/2024-06-12_15h01_03_SrnU2kz_zMy2lz9.png;Plot Note B B 13;;0;0;0;False;;;;;;;;
B C 1;;;B;C;1;1;1;2;1;0;0;;https://storage.googleapis.com/stage-chronicle/storage/Astana_Tegal_Gundul/images/2024-06-12_15h01_03_SrnU2kz_tMVko0I.png;Plot Note B C 1;;0;0;0;False;;;;;;;;
B C 2;;;B;C;2;1;1;2;1;0;0;;https://storage.googleapis.com/stage-chronicle/storage/Astana_Tegal_Gundul/images/2024-06-12_15h01_03_SrnU2kz_AXnbQFK.png;Plot Note B C 2;;0;0;0;False;;;;;;;;
B C 3;;;B;C;3;1;1;2;1;0;0;;https://storage.googleapis.com/stage-chronicle/storage/Astana_Tegal_Gundul/images/2024-06-12_15h01_03_SrnU2kz_9iDmkZE.png;Plot Note B C 3;;0;0;0;False;;;;;;;;
B C 4;;;B;C;4;1;1;2;1;0;0;;https://storage.googleapis.com/stage-chronicle/storage/Astana_Tegal_Gundul/images/2024-06-12_15h01_03_SrnU2kz_0d8yQxy.png;Plot Note B C 4;;0;0;0;False;;;;;;;;
B C 5;;;B;C;5;1;1;2;1;0;0;;https://storage.googleapis.com/stage-chronicle/storage/Astana_Tegal_Gundul/images/2024-06-12_15h01_03_SrnU2kz_CFCUmnS.png;Plot Note B C 5;;0;0;0;False;;;;;;;;
B C 6;;;B;C;6;1;1;2;1;0;0;;https://storage.googleapis.com/stage-chronicle/storage/Astana_Tegal_Gundul/images/2024-06-12_15h01_03_SrnU2kz_nRMbMqG.png;Plot Note B C 6;;0;0;0;False;;;;;;;;
B C 7;;;B;C;7;1;1;2;1;0;0;;https://storage.googleapis.com/stage-chronicle/storage/Astana_Tegal_Gundul/images/2024-06-12_15h01_03_SrnU2kz_eb7JOhz.png;Plot Note B C 7;;0;0;0;False;;;;;;;;
B C 8;;;B;C;8;1;1;2;1;0;0;;https://storage.googleapis.com/stage-chronicle/storage/Astana_Tegal_Gundul/images/2024-06-12_15h01_03_SrnU2kz_YV1Llgj.png;Plot Note B C 8;;0;0;0;False;;;;;;;;
B C 9;;;B;C;9;1;1;2;1;0;0;;https://storage.googleapis.com/stage-chronicle/storage/Astana_Tegal_Gundul/images/2024-06-12_15h01_03_SrnU2kz_NvMJLw0.png;Plot Note B C 9;;0;0;0;False;;;;;;;;
B C 10;;;B;C;10;1;1;2;1;0;0;;https://storage.googleapis.com/stage-chronicle/storage/Astana_Tegal_Gundul/images/2024-06-12_15h01_03_SrnU2kz_gyz2GkF.png;Plot Note B C 10;;0;0;0;False;;;;;;;;
B C 11;;;B;C;11;1;1;2;1;0;0;;https://storage.googleapis.com/stage-chronicle/storage/Astana_Tegal_Gundul/images/2024-06-12_15h01_03_SrnU2kz_dRIrEFT.png;Plot Note B C 11;;0;0;0;False;;;;;;;;
B C 12;;;B;C;12;1;1;2;1;0;0;;https://storage.googleapis.com/stage-chronicle/storage/Astana_Tegal_Gundul/images/2024-06-12_15h01_03_SrnU2kz_w2I3lCB.png;Plot Note B C 12;;0;0;0;False;;;;;;;;
B C 13;;;B;C;13;1;1;2;1;0;0;;https://storage.googleapis.com/stage-chronicle/storage/Astana_Tegal_Gundul/images/2024-06-12_15h01_03_SrnU2kz_JW2G20G.png;Plot Note B C 13;;0;0;0;False;;;;;;;;
B D 1;;;B;D;1;1;1;2;1;0;0;;https://storage.googleapis.com/stage-chronicle/storage/Astana_Tegal_Gundul/images/2024-06-12_15h01_03_SrnU2kz_pf3wBCB.png;Plot Note B D 1;;0;0;0;False;;;;;;;;
B D 2;;;B;D;2;1;1;2;1;0;0;;https://storage.googleapis.com/stage-chronicle/storage/Astana_Tegal_Gundul/images/2024-06-12_15h01_03_SrnU2kz_fqwMAVG.png;Plot Note B D 2;;0;0;0;False;;;;;;;;
B D 3;;;B;D;3;1;1;2;1;0;0;;https://storage.googleapis.com/stage-chronicle/storage/Astana_Tegal_Gundul/images/2024-06-12_15h01_03_SrnU2kz_JZ52RKC.png;Plot Note B D 3;;0;0;0;False;;;;;;;;
B D 4;;;B;D;4;1;1;2;1;0;0;;https://storage.googleapis.com/stage-chronicle/storage/Astana_Tegal_Gundul/images/2024-06-12_15h01_03_SrnU2kz_jhGhe0m.png;Plot Note B D 4;;0;0;0;False;;;;;;;;
B D 5;;;B;D;5;1;1;2;1;0;0;;https://storage.googleapis.com/stage-chronicle/storage/Astana_Tegal_Gundul/images/2024-06-12_15h01_03_SrnU2kz_tyQxTEJ.png;Plot Note B D 5;;0;0;0;False;;;;;;;;
B D 6;;;B;D;6;1;1;2;1;0;0;;https://storage.googleapis.com/stage-chronicle/storage/Astana_Tegal_Gundul/images/2024-06-12_15h01_03_SrnU2kz_JZOWWSl.png;Plot Note B D 6;;0;0;0;False;;;;;;;;
B D 7;;;B;D;7;1;1;2;1;0;0;;https://storage.googleapis.com/stage-chronicle/storage/Astana_Tegal_Gundul/images/2024-06-12_15h01_03_SrnU2kz_fQfqLWa.png;Plot Note B D 7;;0;0;0;False;;;;;;;;
B D 8;;;B;D;8;1;1;2;1;0;0;;https://storage.googleapis.com/stage-chronicle/storage/Astana_Tegal_Gundul/images/2024-06-12_15h01_03_SrnU2kz_dIDdsNR.png;Plot Note B D 8;;0;0;0;False;;;;;;;;
B D 9;;;B;D;9;1;1;2;1;0;0;;https://storage.googleapis.com/stage-chronicle/storage/Astana_Tegal_Gundul/images/2024-06-12_15h01_03_SrnU2kz_NOWFdo1.png;Plot Note B D 9;;0;0;0;False;;;;;;;;
B D 10;;;B;D;10;1;1;2;1;0;0;;https://storage.googleapis.com/stage-chronicle/storage/Astana_Tegal_Gundul/images/2024-06-12_15h01_03_SrnU2kz_IrvaaAi.png;Plot Note B D 10;;0;0;0;False;;;;;;;;
B D 11;;;B;D;11;1;1;2;1;0;0;;https://storage.googleapis.com/stage-chronicle/storage/Astana_Tegal_Gundul/images/2024-06-12_15h01_03_SrnU2kz_kuYKonB.png;Plot Note B D 11;;0;0;0;False;;;;;;;;
B D 12;;;B;D;12;1;1;2;1;0;0;;https://storage.googleapis.com/stage-chronicle/storage/Astana_Tegal_Gundul/images/2024-06-12_15h01_03_SrnU2kz_FKKSNpv.png;Plot Note B D 12;;0;0;0;False;;;;;;;;
B D 13;;;B;D;13;1;1;2;1;0;0;;https://storage.googleapis.com/stage-chronicle/storage/Astana_Tegal_Gundul/images/2024-06-12_15h01_03_SrnU2kz_uhEzjnK.png;Plot Note B D 13;;0;0;0;False;;;;;;;;
B E 1;;;B;E;1;1;1;2;1;0;0;;https://storage.googleapis.com/chronicle-rip.appspot.com/cemetery_data/Liberty_Cemetery_in_Van_Zandt_Co/Headstones/241212/IMG_7714.jpg,https://storage.googleapis.com/chronicle-rip.appspot.com/cemetery_data/Liberty_Cemetery_in_Van_Zandt_Co/Headstones/241212/IMG_7711.jpg;Plot Note B E 1;;0;0;0;False;;;;;;;;
B E 2;;;B;E;2;1;1;2;1;0;0;;https://storage.googleapis.com/chronicle-rip.appspot.com/cemetery_data/Liberty_Cemetery_in_Van_Zandt_Co/Headstones/241212/IMG_7711.jpg;Plot Note B E 2;;0;0;0;False;;;;;;;;
B E 3;;;B;E;3;1;1;2;1;0;0;;https://storage.googleapis.com/chronicle-rip.appspot.com/cemetery_data/Liberty_Cemetery_in_Van_Zandt_Co/Headstones/241212/IMG_7633.jpg;Plot Note B E 3;;0;0;0;False;;;;;;;;
B E 4;;;B;E;4;1;1;2;1;0;0;;https://storage.googleapis.com/chronicle-rip.appspot.com/cemetery_data/Liberty_Cemetery_in_Van_Zandt_Co/Headstones/241212/IMG_7523.jpg;Plot Note B E 4;;0;0;0;False;;;;;;;;
B E 5;;;B;E;5;1;1;2;1;0;0;;https://storage.googleapis.com/chronicle-rip.appspot.com/cemetery_data/Liberty_Cemetery_in_Van_Zandt_Co/Headstones/241212/IMG_7530.jpg;Plot Note B E 5;;0;0;0;False;;;;;;;;
B E 6;;;B;E;6;1;1;2;1;0;0;;https://storage.googleapis.com/stage-chronicle/storage/Astana_Tegal_Gundul/images/2024-06-12_15h01_03_SrnU2kz_qaVV2JS.png;Plot Note B E 6;;0;0;0;False;;;;;;;;
B E 7;;;B;E;7;1;1;2;1;0;0;;https://storage.googleapis.com/stage-chronicle/storage/Astana_Tegal_Gundul/images/2024-06-12_15h01_03_SrnU2kz_YCV3at5.png;Plot Note B E 7;;0;0;0;False;;;;;;;;
B E 8;;;B;E;8;1;1;2;1;0;0;;https://storage.googleapis.com/stage-chronicle/storage/Astana_Tegal_Gundul/images/2024-06-12_15h01_03_SrnU2kz_3xTIelm.png;Plot Note B E 8;;0;0;0;False;;;;;;;;
B E 9;;;B;E;9;1;1;2;1;0;0;;https://storage.googleapis.com/stage-chronicle/storage/Astana_Tegal_Gundul/images/2024-06-12_15h01_03_SrnU2kz_irNDPh4.png;Plot Note B E 9;;0;0;0;False;;;;;;;;
B E 10;;;B;E;10;1;1;2;1;0;0;;https://storage.googleapis.com/stage-chronicle/storage/Astana_Tegal_Gundul/images/2024-06-12_15h01_03_SrnU2kz_YqcagqX.png;Plot Note B E 10;;0;0;0;False;;;;;;;;
B E 11;;;B;E;11;1;1;2;1;0;0;;https://storage.googleapis.com/stage-chronicle/storage/Astana_Tegal_Gundul/images/2024-06-12_15h01_03_SrnU2kz_YKyfIdV.png;Plot Note B E 11;;0;0;0;False;;;;;;;;
B E 12;;;B;E;12;1;1;2;1;0;0;;https://storage.googleapis.com/stage-chronicle/storage/Astana_Tegal_Gundul/images/2024-06-12_15h01_03_SrnU2kz_LYaqLg6.png;Plot Note B E 12;;0;0;0;False;;;;;;;;
B E 13;;;B;E;13;1;1;2;1;0;0;;https://storage.googleapis.com/stage-chronicle/storage/Astana_Tegal_Gundul/images/2024-06-12_15h01_03_SrnU2kz_b5Lubqw.png;Plot Note B E 13;;0;0;0;False;;;;;;;;
B F 1;;;B;F;1;3;1;2;1;0;0;;https://storage.googleapis.com/stage-chronicle/storage/Astana_Tegal_Gundul/images/2024-06-12_15h01_03_SrnU2kz_d7cfTb6.png;Plot Note B F 1;;0;0;0;False;;;;;;;;
B F 2;;;B;F;2;3;1;2;1;0;0;;https://storage.googleapis.com/stage-chronicle/storage/Astana_Tegal_Gundul/images/2024-06-12_15h01_03_SrnU2kz_hpTOgGu.png;Plot Note B F 2;;0;0;0;False;;;;;;;;
B F 3;;;B;F;3;3;1;2;1;0;0;;https://storage.googleapis.com/stage-chronicle/storage/Astana_Tegal_Gundul/images/2024-06-12_15h01_03_SrnU2kz_7LkU8fT.png;Plot Note B F 3;;0;0;0;False;;;;;;;;
B F 4;;;B;F;4;3;1;2;1;0;0;;https://storage.googleapis.com/stage-chronicle/storage/Astana_Tegal_Gundul/images/2024-06-12_15h01_03_SrnU2kz_QnHPoG9.png;Plot Note B F 4;;0;0;0;False;;;;;;;;
B F 5;;;B;F;5;3;1;2;1;0;0;;https://storage.googleapis.com/stage-chronicle/storage/Astana_Tegal_Gundul/images/2024-06-12_15h01_03_SrnU2kz_ElggOJ6.png;Plot Note B F 5;;0;0;0;False;;;;;;;;
B F 6;;;B;F;6;3;1;2;1;0;0;;https://storage.googleapis.com/stage-chronicle/storage/Astana_Tegal_Gundul/images/2024-06-12_15h01_03_SrnU2kz_N1zMExe.png;Plot Note B F 6;;0;0;0;False;;;;;;;;
B F 7;;;B;F;7;3;1;2;1;0;0;;https://storage.googleapis.com/stage-chronicle/storage/Astana_Tegal_Gundul/images/2024-06-12_15h01_03_SrnU2kz_4v8yxzZ.png;Plot Note B F 7;;0;0;0;False;;;;;;;;
B F 8;;;B;F;8;3;1;2;1;0;0;;https://storage.googleapis.com/stage-chronicle/storage/Astana_Tegal_Gundul/images/2024-06-12_15h01_03_SrnU2kz_wfMyx9m.png;Plot Note B F 8;;0;0;0;False;;;;;;;;
B F 9;;;B;F;9;3;1;2;1;0;0;;https://storage.googleapis.com/stage-chronicle/storage/Astana_Tegal_Gundul/images/2024-06-12_15h01_03_SrnU2kz_jyVXuxX.png;Plot Note B F 9;;0;0;0;False;;;;;;;;
B F 10;;;B;F;10;3;1;2;1;0;0;;https://storage.googleapis.com/stage-chronicle/storage/Astana_Tegal_Gundul/images/2024-06-12_15h01_03_SrnU2kz_jyVcjEz.png;Plot Note B F 10;;0;0;0;False;;;;;;;;
B F 11;;;B;F;11;3;1;2;1;0;0;;https://storage.googleapis.com/stage-chronicle/storage/Astana_Tegal_Gundul/images/2024-06-12_15h01_03_SrnU2kz_ogemhUU.png;Plot Note B F 11;;0;0;0;False;;;;;;;;
B F 12;;;B;F;12;3;1;2;1;0;0;;https://storage.googleapis.com/stage-chronicle/storage/Astana_Tegal_Gundul/images/2024-06-12_15h01_03_SrnU2kz_ENIzAhg.png;Plot Note B F 12;;0;0;0;False;;;;;;;;
B F 13;;;B;F;13;3;1;2;1;0;0;;https://storage.googleapis.com/stage-chronicle/storage/Astana_Tegal_Gundul/images/2024-06-12_15h01_03_SrnU2kz_SPgKody.png;Plot Note B F 13;;0;0;0;False;;;;;;;;
B G 1;;;B;G;1;1;1;2;1;0;0;;https://storage.googleapis.com/stage-chronicle/storage/Astana_Tegal_Gundul/images/2024-06-12_15h01_03_SrnU2kz_PmKHgjf.png;Plot Note B G 1;;0;0;0;False;;;;;;;;
B G 2;;;B;G;2;1;1;2;1;0;0;;https://storage.googleapis.com/stage-chronicle/storage/Astana_Tegal_Gundul/images/2024-06-12_15h01_03_SrnU2kz_2mdRFqj.png;Plot Note B G 2;;0;0;0;False;;;;;;;;
B G 3;;;B;G;3;1;1;2;1;0;0;;https://storage.googleapis.com/stage-chronicle/storage/Astana_Tegal_Gundul/images/2024-06-12_15h01_03_SrnU2kz_rj4PFxC.png;Plot Note B G 3;;0;0;0;False;;;;;;;;
B G 4;;;B;G;4;1;1;2;1;0;0;;https://storage.googleapis.com/stage-chronicle/storage/Astana_Tegal_Gundul/images/2024-06-12_15h01_03_SrnU2kz_ex94Zml.png;Plot Note B G 4;;0;0;0;False;;;;;;;;
B G 5;;;B;G;5;1;2;2;1;0;0;;https://storage.googleapis.com/stage-chronicle/storage/Astana_Tegal_Gundul/images/2024-06-12_15h01_03_SrnU2kz_WSRYb8O.png;Plot Note B G 5;;0;0;0;False;;;;;;;;
B G 6;;;B;G;6;1;2;2;1;0;0;;https://storage.googleapis.com/stage-chronicle/storage/Astana_Tegal_Gundul/images/2024-06-12_15h01_03_SrnU2kz_D8HSMkR.png;Plot Note B G 6;;0;0;0;False;;;;;;;;
B G 7;;;B;G;7;1;2;2;1;0;0;;https://storage.googleapis.com/stage-chronicle/storage/Astana_Tegal_Gundul/images/2024-06-12_15h01_03_SrnU2kz_c5uprUQ.png;Plot Note B G 7;;0;0;0;False;;;;;;;;
B G 8;;;B;G;8;1;2;2;1;0;0;;https://storage.googleapis.com/stage-chronicle/storage/Astana_Tegal_Gundul/images/2024-06-12_15h01_03_SrnU2kz_ReJWVea.png;Plot Note B G 8;;0;0;0;False;;;;;;;;
B G 9;;;B;G;9;1;2;2;1;0;0;;https://storage.googleapis.com/stage-chronicle/storage/Astana_Tegal_Gundul/images/2024-06-12_15h01_03_SrnU2kz_0RunfzO.png;Plot Note B G 9;;0;0;0;False;;;;;;;;
B G 10;;;B;G;10;2;1;2;1;0;0;;https://storage.googleapis.com/stage-chronicle/storage/Astana_Tegal_Gundul/images/2024-06-12_15h01_03_SrnU2kz_B9WlEEK.png;Plot Note B G 10;;0;0;0;False;;;;;;;;
B G 11;;;B;G;11;2;1;2;1;0;0;;https://storage.googleapis.com/stage-chronicle/storage/Astana_Tegal_Gundul/images/2024-06-12_15h01_03_SrnU2kz_TG0pyiP.png;Plot Note B G 11;;0;0;0;False;;;;;;;;
B G 12;;;B;G;12;3;1;2;1;0;0;;https://storage.googleapis.com/stage-chronicle/storage/Astana_Tegal_Gundul/images/2024-06-12_15h01_03_SrnU2kz_orDjVbF.png;Plot Note B G 12;;0;0;0;False;;;;;;;;
B G 13;;;B;G;13;3;1;2;1;0;0;;https://storage.googleapis.com/stage-chronicle/storage/Astana_Tegal_Gundul/images/2024-06-12_15h01_03_SrnU2kz_m0taiJb.png;Plot Note B G 13s;;0;0;0;False;;;;;;;;
